PLAYER,Größe in cm (Umrechnung von Inches),Gewicht in kg,GP,PTS,Historical
Boban Marjanovic,223.52,131.5417873,31.0,3.3,Aktuelle Spieler
Kristaps Porzingis,220.98,108.8621688,65.0,23.2,Aktuelle Spieler
Alex Len,218.44,113.3980925,26.0,1.7,Aktuelle Spieler
Bol Bol,218.44,99.7903214,70.0,9.1,Aktuelle Spieler
Luke Kornet,218.44,113.3980925,69.0,3.8,Aktuelle Spieler
Moses Brown,218.44,111.13013065,36.0,4.3,Aktuelle Spieler
Brook Lopez,215.9,127.91304834,78.0,15.9,Aktuelle Spieler
Domantas Sabonis,215.9,108.8621688,79.0,19.1,Aktuelle Spieler
Jakob Poeltl,215.9,111.13013065,72.0,12.5,Aktuelle Spieler
Jay Huff,215.9,108.8621688,7.0,7.3,Aktuelle Spieler
Rudy Gobert,215.9,117.02683146,70.0,13.4,Aktuelle Spieler
Aleksej Pokusevski,213.36,95.2543977,34.0,8.1,Aktuelle Spieler
Christian Koloko,213.36,104.3262451,58.0,3.1,Aktuelle Spieler
Deandre Ayton,213.36,113.3980925,67.0,18.0,Aktuelle Spieler
Frank Kaminsky,213.36,108.8621688,36.0,2.5,Aktuelle Spieler
Giannis Antetokounmpo,213.36,110.22294591,63.0,31.1,Aktuelle Spieler
Isaiah Hartenstein,213.36,113.3980925,82.0,5.0,Aktuelle Spieler
Ivica Zubac,213.36,108.8621688,76.0,10.8,Aktuelle Spieler
JaVale McGee,213.36,122.4699399,42.0,4.4,Aktuelle Spieler
James Wiseman,213.36,108.8621688,45.0,10.0,Aktuelle Spieler
Jaxson Hayes,213.36,99.7903214,47.0,5.0,Aktuelle Spieler
Joel Embiid,213.36,127.0058636,66.0,33.1,Aktuelle Spieler
John Butler Jr.,213.36,86.1825503,19.0,2.4,Aktuelle Spieler
Jusuf Nurkic,213.36,131.5417873,52.0,13.3,Aktuelle Spieler
Karl-Anthony Towns,213.36,112.49090776,29.0,20.8,Aktuelle Spieler
Lauri Markkanen,213.36,108.8621688,66.0,25.6,Aktuelle Spieler
Mark Williams,213.36,108.8621688,43.0,9.0,Aktuelle Spieler
Marko Simonovic,213.36,99.7903214,7.0,0.9,Aktuelle Spieler
Mason Plumlee,213.36,115.21246198,79.0,10.8,Aktuelle Spieler
Meyers Leonard,213.36,117.9340162,9.0,4.8,Aktuelle Spieler
Mitchell Robinson,213.36,108.8621688,59.0,7.4,Aktuelle Spieler
Mo Bamba,213.36,104.77983747,49.0,6.6,Aktuelle Spieler
Neemias Queta,213.36,112.49090776,5.0,2.4,Aktuelle Spieler
Nick Richards,213.36,111.13013065,65.0,8.2,Aktuelle Spieler
Robin Lopez,213.36,127.45945597,37.0,3.0,Aktuelle Spieler
Santi Aldama,213.36,97.52235955,77.0,9.0,Aktuelle Spieler
Walker Kessler,213.36,111.13013065,74.0,9.2,Aktuelle Spieler
Alperen Sengun,210.82,110.22294591,75.0,14.8,Aktuelle Spieler
Andre Drummond,210.82,126.55227123,67.0,6.0,Aktuelle Spieler
Bobby Portis,210.82,113.3980925,70.0,14.1,Aktuelle Spieler
Cody Zeller,210.82,108.8621688,15.0,6.5,Aktuelle Spieler
Damian Jones,210.82,111.13013065,41.0,3.5,Aktuelle Spieler
DeAndre Jordan,210.82,120.20197805,39.0,5.1,Aktuelle Spieler
Evan Mobley,210.82,97.52235955,79.0,16.2,Aktuelle Spieler
Goga Bitadze,210.82,113.3980925,38.0,4.4,Aktuelle Spieler
Jabari Smith Jr.,210.82,99.7903214,79.0,12.8,Aktuelle Spieler
Jalen Duren,210.82,113.3980925,67.0,9.1,Aktuelle Spieler
Jock Landale,210.82,115.66605435,69.0,6.6,Aktuelle Spieler
Jonas Valanciunas,210.82,120.20197805,79.0,14.1,Aktuelle Spieler
Kai Jones,210.82,100.24391377,46.0,3.4,Aktuelle Spieler
Kelly Olynyk,210.82,108.8621688,68.0,12.5,Aktuelle Spieler
Mike Muscala,210.82,108.8621688,63.0,6.1,Aktuelle Spieler
Moritz Wagner,210.82,111.13013065,57.0,10.5,Aktuelle Spieler
Myles Turner,210.82,113.3980925,62.0,18.0,Aktuelle Spieler
Nic Claxton,210.82,97.52235955,76.0,12.6,Aktuelle Spieler
Nikola Jokic,210.82,128.82023308,69.0,24.5,Aktuelle Spieler
Olivier Sarr,210.82,108.8621688,9.0,4.0,Aktuelle Spieler
Omer Yurtseven,210.82,124.73790175,9.0,4.4,Aktuelle Spieler
Serge Ibaka,210.82,106.59420695,16.0,4.1,Aktuelle Spieler
Steven Adams,210.82,120.20197805,42.0,8.6,Aktuelle Spieler
Tony Bradley,210.82,112.49090776,12.0,1.6,Aktuelle Spieler
Udoka Azubuike,210.82,122.4699399,36.0,3.5,Aktuelle Spieler
Willy Hernangomez,210.82,113.3980925,38.0,6.9,Aktuelle Spieler
Zach Collins,210.82,113.3980925,63.0,11.6,Aktuelle Spieler
Anthony Davis,208.28,114.75886961,56.0,25.9,Aktuelle Spieler
Ben Simmons,208.28,108.8621688,42.0,6.9,Aktuelle Spieler
Bruno Fernando,208.28,108.8621688,39.0,3.9,Aktuelle Spieler
Chance Comanche,208.28,95.2543977,1.0,7.0,Aktuelle Spieler
Clint Capela,208.28,116.11964672,65.0,12.0,Aktuelle Spieler
Daniel Gafford,208.28,106.14061458,78.0,9.0,Aktuelle Spieler
Dario Saric,208.28,102.05828325,57.0,6.4,Aktuelle Spieler
Davis Bertans,208.28,102.05828325,45.0,4.6,Aktuelle Spieler
Dewayne Dedmon,208.28,111.13013065,38.0,5.2,Aktuelle Spieler
Drew Eubanks,208.28,111.13013065,78.0,6.6,Aktuelle Spieler
Dwight Powell,208.28,108.8621688,76.0,6.7,Aktuelle Spieler
Franz Wagner,208.28,99.7903214,80.0,18.6,Aktuelle Spieler
Gorgui Dieng,208.28,112.49090776,31.0,3.9,Aktuelle Spieler
Jaren Jackson Jr.,208.28,109.76935354,63.0,18.6,Aktuelle Spieler
Jericho Sims,208.28,113.3980925,52.0,3.4,Aktuelle Spieler
Jonathan Isaac,208.28,104.3262451,11.0,5.0,Aktuelle Spieler
Kevin Durant,208.28,108.8621688,47.0,29.1,Aktuelle Spieler
Luka Garza,208.28,110.22294591,28.0,6.5,Aktuelle Spieler
Luka Samanic,208.28,102.96546799,7.0,9.9,Aktuelle Spieler
Marvin Bagley III,208.28,106.59420695,42.0,12.0,Aktuelle Spieler
Maxi Kleber,208.28,108.8621688,37.0,5.9,Aktuelle Spieler
Mfiondu Kabengele,208.28,113.3980925,4.0,1.5,Aktuelle Spieler
Michael Porter Jr.,208.28,98.88313666,62.0,17.4,Aktuelle Spieler
Moussa Diabate,208.28,95.2543977,22.0,2.7,Aktuelle Spieler
Nerlens Noel,208.28,99.7903214,17.0,2.1,Aktuelle Spieler
Nikola Jovic,208.28,92.98643585,15.0,5.5,Aktuelle Spieler
Nikola Vucevic,208.28,117.9340162,82.0,17.6,Aktuelle Spieler
Noah Vonleh,208.28,116.57323909,23.0,1.1,Aktuelle Spieler
Orlando Robinson,208.28,106.59420695,31.0,3.7,Aktuelle Spieler
Paolo Banchero,208.28,113.3980925,72.0,20.0,Aktuelle Spieler
Sandro Mamukelashvili,208.28,108.8621688,43.0,6.1,Aktuelle Spieler
Thomas Bryant,208.28,112.49090776,59.0,9.8,Aktuelle Spieler
Vernon Carey Jr.,208.28,122.4699399,11.0,0.5,Aktuelle Spieler
Wendell Carter Jr.,208.28,122.4699399,57.0,15.2,Aktuelle Spieler
Al Horford,205.74,108.8621688,63.0,9.8,Aktuelle Spieler
Bam Adebayo,205.74,115.66605435,75.0,20.4,Aktuelle Spieler
Blake Griffin,205.74,113.3980925,41.0,4.1,Aktuelle Spieler
Charles Bassey,205.74,104.3262451,35.0,5.7,Aktuelle Spieler
Chimezie Metu,205.74,102.05828325,66.0,4.9,Aktuelle Spieler
Chris Boucher,205.74,90.718474,76.0,9.4,Aktuelle Spieler
Christian Wood,205.74,97.06876718,67.0,16.6,Aktuelle Spieler
Cole Swider,205.74,99.7903214,7.0,1.3,Aktuelle Spieler
Darius Bazley,205.74,97.97595192,43.0,5.2,Aktuelle Spieler
Day'Ron Sharpe,205.74,120.20197805,48.0,4.7,Aktuelle Spieler
Dean Wade,205.74,103.41906036,44.0,4.7,Aktuelle Spieler
Deni Avdija,205.74,95.2543977,76.0,9.2,Aktuelle Spieler
Dominick Barlow,205.74,97.52235955,28.0,3.9,Aktuelle Spieler
Isaiah Jackson,205.74,92.98643585,63.0,7.2,Aktuelle Spieler
Isaiah Todd,205.74,99.33672903,6.0,1.5,Aktuelle Spieler
JT Thor,205.74,92.07925111,69.0,3.8,Aktuelle Spieler
JaMychal Green,205.74,102.96546799,57.0,6.4,Aktuelle Spieler
Jaden McDaniels,205.74,83.91458845,79.0,12.1,Aktuelle Spieler
Jalen McDaniels,205.74,92.98643585,80.0,9.4,Aktuelle Spieler
Jalen Smith,205.74,97.52235955,68.0,9.4,Aktuelle Spieler
Jarrett Allen,205.74,110.22294591,68.0,14.3,Aktuelle Spieler
Jaylin Williams,205.74,108.8621688,49.0,5.9,Aktuelle Spieler
Joe Ingles,205.74,99.7903214,46.0,6.9,Aktuelle Spieler
John Collins,205.74,102.51187562,71.0,13.1,Aktuelle Spieler
Jordan Nwora,205.74,102.05828325,62.0,8.7,Aktuelle Spieler
Juancho Hernangomez,205.74,97.06876718,42.0,2.9,Aktuelle Spieler
Kevon Looney,205.74,100.69750614,82.0,7.0,Aktuelle Spieler
Kyle Anderson,205.74,104.3262451,69.0,9.4,Aktuelle Spieler
Kyle Kuzma,205.74,100.24391377,64.0,21.2,Aktuelle Spieler
LeBron James,205.74,113.3980925,55.0,28.9,Aktuelle Spieler
Mamadi Diakite,205.74,103.41906036,22.0,2.6,Aktuelle Spieler
Markieff Morris,205.74,111.13013065,35.0,3.8,Aktuelle Spieler
Naz Reid,205.74,119.74838568,68.0,11.5,Aktuelle Spieler
Obi Toppin,205.74,99.7903214,67.0,7.4,Aktuelle Spieler
Onyeka Okongwu,205.74,108.8621688,80.0,9.9,Aktuelle Spieler
Ousmane Dieng,205.74,83.91458845,39.0,4.9,Aktuelle Spieler
Patrick Baldwin,205.74,99.7903214,31.0,3.9,Aktuelle Spieler
Paul Reed,205.74,95.2543977,69.0,4.2,Aktuelle Spieler
Robert Williams III,205.74,107.50139169,35.0,8.0,Aktuelle Spieler
Taj Gibson,205.74,105.23342984,49.0,3.4,Aktuelle Spieler
Trey Lyles,205.74,106.14061458,74.0,7.6,Aktuelle Spieler
Wenyen Gabriel,205.74,92.98643585,68.0,5.5,Aktuelle Spieler
Zeke Nnaji,205.74,108.8621688,53.0,5.2,Aktuelle Spieler
Ziaire Williams,205.74,83.91458845,37.0,5.7,Aktuelle Spieler
Aaron Gordon,203.2,106.59420695,68.0,16.3,Aktuelle Spieler
Alize Johnson,203.2,96.16158244,4.0,1.8,Aktuelle Spieler
Anthony Gill,203.2,104.3262451,59.0,3.3,Aktuelle Spieler
Bismack Biyombo,203.2,115.66605435,61.0,4.3,Aktuelle Spieler
Brandon Clarke,203.2,97.52235955,56.0,10.0,Aktuelle Spieler
Brandon Ingram,203.2,86.1825503,45.0,24.7,Aktuelle Spieler
Braxton Key,203.2,102.05828325,3.0,1.3,Aktuelle Spieler
Caleb Houstan,203.2,92.98643585,51.0,3.8,Aktuelle Spieler
Cameron Johnson,203.2,95.2543977,42.0,15.5,Aktuelle Spieler
Chris Silva,203.2,106.14061458,1.0,2.0,Aktuelle Spieler
Chuma Okeke,203.2,103.87265273,27.0,4.7,Aktuelle Spieler
Daniel Theis,203.2,111.13013065,7.0,7.0,Aktuelle Spieler
De'Andre Hunter,203.2,100.24391377,67.0,15.4,Aktuelle Spieler
Harrison Barnes,203.2,102.05828325,82.0,15.0,Aktuelle Spieler
Isaiah Mobley,203.2,107.95498406,12.0,2.6,Aktuelle Spieler
Isaiah Roby,203.2,104.3262451,42.0,4.1,Aktuelle Spieler
Isaiah Stewart,203.2,113.3980925,50.0,11.3,Aktuelle Spieler
Jalen Johnson,203.2,99.33672903,70.0,5.6,Aktuelle Spieler
Jarred Vanderbilt,203.2,97.06876718,78.0,7.9,Aktuelle Spieler
Jayson Tatum,203.2,95.2543977,74.0,30.1,Aktuelle Spieler
Jeff Green,203.2,106.59420695,56.0,7.8,Aktuelle Spieler
Jerami Grant,203.2,95.2543977,63.0,20.5,Aktuelle Spieler
Jeremiah Robinson-Earl,203.2,108.8621688,43.0,6.8,Aktuelle Spieler
Jeremy Sochan,203.2,104.3262451,56.0,11.0,Aktuelle Spieler
Josh Giddey,203.2,97.97595192,76.0,16.6,Aktuelle Spieler
Josh Minott,203.2,92.98643585,15.0,3.1,Aktuelle Spieler
Julius Randle,203.2,113.3980925,77.0,25.1,Aktuelle Spieler
Justin Jackson,203.2,99.7903214,23.0,0.9,Aktuelle Spieler
KZ Okpala,203.2,97.52235955,35.0,1.3,Aktuelle Spieler
Keegan Murray,203.2,102.05828325,80.0,12.2,Aktuelle Spieler
Keita Bates-Diop,203.2,103.87265273,67.0,9.7,Aktuelle Spieler
Kevin Love,203.2,113.85168487,62.0,8.2,Aktuelle Spieler
Khem Birch,203.2,105.68702221,20.0,2.2,Aktuelle Spieler
Larry Nance Jr.,203.2,111.13013065,65.0,6.8,Aktuelle Spieler
Marcus Morris Sr.,203.2,98.88313666,65.0,11.2,Aktuelle Spieler
Micah Potter,203.2,112.49090776,7.0,3.4,Aktuelle Spieler
Michael Foster Jr.,203.2,113.3980925,1.0,0.0,Aktuelle Spieler
Nathan Knight,203.2,114.75886961,38.0,3.7,Aktuelle Spieler
Nicolas Batum,203.2,104.3262451,78.0,6.1,Aktuelle Spieler
Otto Porter Jr.,203.2,89.81128926,8.0,5.5,Aktuelle Spieler
Pascal Siakam,203.2,104.3262451,71.0,24.2,Aktuelle Spieler
Paul George,203.2,99.7903214,56.0,23.8,Aktuelle Spieler
Precious Achiuwa,203.2,102.05828325,55.0,9.2,Aktuelle Spieler
Richaun Holmes,203.2,106.59420695,42.0,3.1,Aktuelle Spieler
Rudy Gay,203.2,113.3980925,56.0,5.2,Aktuelle Spieler
Rui Hachimura,203.2,104.3262451,63.0,11.2,Aktuelle Spieler
Scottie Barnes,203.2,102.05828325,77.0,15.3,Aktuelle Spieler
T.J. Warren,203.2,99.7903214,42.0,7.5,Aktuelle Spieler
Tari Eason,203.2,97.52235955,82.0,9.3,Aktuelle Spieler
Thaddeus Young,203.2,106.59420695,54.0,4.4,Aktuelle Spieler
Trendon Watford,203.2,107.50139169,62.0,7.4,Aktuelle Spieler
Trey Murphy III,203.2,93.44002822,79.0,14.5,Aktuelle Spieler
Usman Garuba,203.2,103.87265273,75.0,3.0,Aktuelle Spieler
Vit Krejci,203.2,88.45051215,29.0,1.2,Aktuelle Spieler
Vlatko Cancar,203.2,107.04779932,60.0,5.0,Aktuelle Spieler
Xavier Cooks,203.2,83.00740371,10.0,3.8,Aktuelle Spieler
Yuta Watanabe,203.2,97.52235955,58.0,5.6,Aktuelle Spieler
Amir Coffey,200.66,95.2543977,50.0,3.4,Aktuelle Spieler
Andrew Wiggins,200.66,89.35769689,37.0,17.1,Aktuelle Spieler
Bojan Bogdanovic,200.66,102.51187562,59.0,21.6,Aktuelle Spieler
Cade Cunningham,200.66,99.7903214,12.0,19.9,Aktuelle Spieler
Cam Reddish,200.66,98.42954429,40.0,9.7,Aktuelle Spieler
Cedi Osman,200.66,104.3262451,77.0,8.7,Aktuelle Spieler
Dalano Banton,200.66,92.53284348,31.0,4.6,Aktuelle Spieler
Dalen Terry,200.66,88.45051215,38.0,2.2,Aktuelle Spieler
Darius Days,200.66,111.13013065,4.0,3.8,Aktuelle Spieler
Dorian Finney-Smith,200.66,99.7903214,66.0,8.3,Aktuelle Spieler
Duncan Robinson,200.66,97.52235955,42.0,6.4,Aktuelle Spieler
Dylan Windler,200.66,88.90410452,3.0,1.7,Aktuelle Spieler
Dyson Daniels,200.66,90.26488163,59.0,3.8,Aktuelle Spieler
Furkan Korkmaz,200.66,91.62565874,37.0,3.8,Aktuelle Spieler
Georges Niang,200.66,104.3262451,78.0,8.2,Aktuelle Spieler
Gordon Hayward,200.66,102.05828325,50.0,14.7,Aktuelle Spieler
Greg Brown III,200.66,93.44002822,16.0,1.8,Aktuelle Spieler
Herbert Jones,200.66,93.44002822,66.0,9.8,Aktuelle Spieler
Jabari Walker,200.66,90.718474,56.0,3.9,Aktuelle Spieler
Jack White,200.66,102.05828325,17.0,1.2,Aktuelle Spieler
Jake LaRavia,200.66,106.59420695,35.0,3.0,Aktuelle Spieler
James Johnson,200.66,108.8621688,18.0,2.8,Aktuelle Spieler
Jimmy Butler,200.66,104.3262451,64.0,22.9,Aktuelle Spieler
Jonathan Kuminga,200.66,102.05828325,67.0,9.9,Aktuelle Spieler
Jordan Hall,200.66,97.52235955,9.0,3.1,Aktuelle Spieler
Josh Green,200.66,90.718474,60.0,9.1,Aktuelle Spieler
Julian Champagnie,200.66,98.42954429,17.0,9.7,Aktuelle Spieler
Justin Minaya,200.66,95.2543977,4.0,4.3,Aktuelle Spieler
Kawhi Leonard,200.66,102.05828325,52.0,23.8,Aktuelle Spieler
Kendall Brown,200.66,92.98643585,6.0,1.5,Aktuelle Spieler
Kenyon Martin Jr.,200.66,97.52235955,82.0,12.7,Aktuelle Spieler
Kessler Edwards,200.66,92.07925111,36.0,2.8,Aktuelle Spieler
Kevin Huerter,200.66,89.81128926,75.0,15.2,Aktuelle Spieler
Kevin Knox II,200.66,97.52235955,63.0,6.6,Aktuelle Spieler
Khris Middleton,200.66,100.69750614,33.0,15.1,Aktuelle Spieler
LaMelo Ball,200.66,81.6466266,36.0,23.3,Aktuelle Spieler
Louis King,200.66,92.98643585,1.0,20.0,Aktuelle Spieler
Luka Doncic,200.66,104.3262451,66.0,32.4,Aktuelle Spieler
MarJon Beauchamp,200.66,90.26488163,52.0,5.1,Aktuelle Spieler
Montrezl Harrell,200.66,108.8621688,57.0,5.6,Aktuelle Spieler
Naji Marshall,200.66,99.7903214,77.0,9.1,Aktuelle Spieler
O.G. Anunoby,200.66,105.23342984,67.0,16.8,Aktuelle Spieler
Oshae Brissett,200.66,95.2543977,65.0,6.1,Aktuelle Spieler
P.J. Washington,200.66,104.3262451,73.0,15.7,Aktuelle Spieler
Patrick Williams,200.66,97.52235955,82.0,10.2,Aktuelle Spieler
Peyton Watson,200.66,90.718474,23.0,3.3,Aktuelle Spieler
RaiQuan Gray,200.66,122.01634753,1.0,16.0,Aktuelle Spieler
Robert Covington,200.66,94.80080533,48.0,6.0,Aktuelle Spieler
Saddiq Bey,200.66,97.52235955,77.0,13.8,Aktuelle Spieler
Sam Hauser,200.66,98.42954429,80.0,6.4,Aktuelle Spieler
Simone Fontecchio,200.66,94.80080533,52.0,6.3,Aktuelle Spieler
Svi Mykhailiuk,200.66,92.98643585,32.0,6.9,Aktuelle Spieler
Terrence Ross,200.66,93.44002822,63.0,8.3,Aktuelle Spieler
Thanasis Antetokounmpo,200.66,99.33672903,37.0,1.4,Aktuelle Spieler
Theo Pinson,200.66,96.16158244,40.0,2.4,Aktuelle Spieler
Tobias Harris,200.66,102.51187562,74.0,14.7,Aktuelle Spieler
Torrey Craig,200.66,100.24391377,79.0,7.4,Aktuelle Spieler
Troy Brown Jr.,200.66,97.52235955,76.0,7.1,Aktuelle Spieler
Udonis Haslem,200.66,106.59420695,7.0,3.9,Aktuelle Spieler
Xavier Tillman,200.66,111.13013065,61.0,7.0,Aktuelle Spieler
A.J. Lawson,198.12,81.19303423,15.0,3.7,Aktuelle Spieler
AJ Griffin,198.12,99.7903214,72.0,8.9,Aktuelle Spieler
Alec Burks,198.12,97.06876718,51.0,12.8,Aktuelle Spieler
Andre Iguodala,198.12,97.52235955,8.0,2.1,Aktuelle Spieler
Anthony Lamb,198.12,102.96546799,62.0,6.7,Aktuelle Spieler
Brandon Boston Jr.,198.12,85.27536556,22.0,6.5,Aktuelle Spieler
Bryce McGowens,198.12,79.37866475,46.0,5.3,Aktuelle Spieler
Buddy Boeheim,198.12,92.98643585,10.0,1.6,Aktuelle Spieler
Caris LeVert,198.12,92.98643585,74.0,12.1,Aktuelle Spieler
Christian Braun,198.12,99.7903214,76.0,4.7,Aktuelle Spieler
Cody Martin,198.12,92.98643585,7.0,5.0,Aktuelle Spieler
Corey Kispert,198.12,101.60469088,74.0,11.1,Aktuelle Spieler
Danny Green,198.12,97.52235955,11.0,5.5,Aktuelle Spieler
Danuel House Jr.,198.12,99.7903214,56.0,4.8,Aktuelle Spieler
DeMar DeRozan,198.12,99.7903214,74.0,24.5,Aktuelle Spieler
Derrick Jones Jr.,198.12,95.2543977,64.0,5.0,Aktuelle Spieler
Dillon Brooks,198.12,102.05828325,73.0,14.3,Aktuelle Spieler
Donovan Williams,198.12,86.1825503,2.0,2.0,Aktuelle Spieler
Doug McDermott,198.12,102.05828325,64.0,10.2,Aktuelle Spieler
Draymond Green,198.12,104.3262451,73.0,8.5,Aktuelle Spieler
Eugene Omoruyi,198.12,106.59420695,40.0,7.0,Aktuelle Spieler
Evan Fournier,198.12,92.98643585,27.0,6.1,Aktuelle Spieler
Garrett Temple,198.12,88.45051215,25.0,2.0,Aktuelle Spieler
Garrison Mathews,198.12,97.52235955,54.0,4.8,Aktuelle Spieler
Grant Williams,198.12,107.04779932,79.0,8.1,Aktuelle Spieler
Isaiah Livers,198.12,105.23342984,52.0,6.7,Aktuelle Spieler
Jae Crowder,198.12,106.59420695,18.0,6.9,Aktuelle Spieler
Jamal Cain,198.12,86.63614267,18.0,5.4,Aktuelle Spieler
Jared Rhoden,198.12,95.2543977,14.0,3.2,Aktuelle Spieler
Jarrett Culver,198.12,88.45051215,10.0,4.4,Aktuelle Spieler
Jaylen Brown,198.12,101.15109851,67.0,26.6,Aktuelle Spieler
Joe Harris,198.12,99.7903214,74.0,7.6,Aktuelle Spieler
Joe Wieskamp,198.12,92.98643585,9.0,1.0,Aktuelle Spieler
Johnny Juzang,198.12,94.80080533,18.0,4.8,Aktuelle Spieler
Jordan Schakel,198.12,90.718474,2.0,1.5,Aktuelle Spieler
Josh Richardson,198.12,90.718474,65.0,10.1,Aktuelle Spieler
Joshua Primo,198.12,85.72895793,4.0,7.0,Aktuelle Spieler
Juan Toscano-Anderson,198.12,94.80080533,52.0,3.0,Aktuelle Spieler
Justin Champagnie,198.12,93.44002822,5.0,2.2,Aktuelle Spieler
Justin Holiday,198.12,81.6466266,46.0,4.5,Aktuelle Spieler
Justise Winslow,198.12,100.69750614,29.0,6.8,Aktuelle Spieler
Kelly Oubre Jr.,198.12,92.07925111,48.0,20.3,Aktuelle Spieler
Kenneth Lofton Jr.,198.12,124.73790175,24.0,5.0,Aktuelle Spieler
Kenrich Williams,198.12,95.2543977,53.0,8.0,Aktuelle Spieler
Kevon Harris,198.12,97.97595192,34.0,4.1,Aktuelle Spieler
Klay Thompson,198.12,99.7903214,69.0,21.9,Aktuelle Spieler
Lamar Stevens,198.12,104.3262451,62.0,5.3,Aktuelle Spieler
Leandro Bolmaro,198.12,90.718474,14.0,0.4,Aktuelle Spieler
Lindy Waters III,198.12,95.2543977,41.0,5.2,Aktuelle Spieler
Malcolm Hill,198.12,99.7903214,5.0,1.0,Aktuelle Spieler
Matt Ryan,198.12,97.52235955,34.0,3.6,Aktuelle Spieler
Mikal Bridges,198.12,94.80080533,83.0,20.1,Aktuelle Spieler
PJ Dozier,198.12,92.98643585,16.0,1.4,Aktuelle Spieler
RJ Barrett,198.12,97.06876718,73.0,19.6,Aktuelle Spieler
Reggie Bullock,198.12,92.98643585,78.0,7.2,Aktuelle Spieler
Royce O'Neale,198.12,102.51187562,76.0,8.8,Aktuelle Spieler
Shai Gilgeous-Alexander,198.12,88.45051215,68.0,31.4,Aktuelle Spieler
Stanley Johnson,198.12,109.76935354,30.0,5.8,Aktuelle Spieler
Stanley Umude,198.12,95.2543977,1.0,2.0,Aktuelle Spieler
Taurean Prince,198.12,98.88313666,54.0,9.1,Aktuelle Spieler
Trevelin Queen,198.12,86.1825503,7.0,3.0,Aktuelle Spieler
Tyrese Martin,198.12,97.52235955,16.0,1.3,Aktuelle Spieler
Zion Williamson,198.12,128.82023308,29.0,26.0,Aktuelle Spieler
AJ Green,195.58,86.1825503,35.0,4.4,Aktuelle Spieler
Aaron Nesmith,195.58,97.52235955,73.0,10.1,Aktuelle Spieler
Aaron Wiggins,195.58,86.1825503,70.0,6.8,Aktuelle Spieler
Admiral Schofield,195.58,109.31576117,37.0,4.2,Aktuelle Spieler
Alex Caruso,195.58,84.36818082,67.0,5.6,Aktuelle Spieler
Austin Reaves,195.58,89.35769689,64.0,13.0,Aktuelle Spieler
Ayo Dosunmu,195.58,90.718474,80.0,8.6,Aktuelle Spieler
Bennedict Mathurin,195.58,95.2543977,78.0,16.7,Aktuelle Spieler
Bogdan Bogdanovic,195.58,102.05828325,54.0,14.0,Aktuelle Spieler
Caleb Martin,195.58,92.98643585,71.0,9.6,Aktuelle Spieler
Chima Moneke,195.58,101.15109851,2.0,1.0,Aktuelle Spieler
Chris Duarte,195.58,86.1825503,46.0,7.9,Aktuelle Spieler
Coby White,195.58,88.45051215,74.0,9.7,Aktuelle Spieler
Damion Lee,195.58,95.2543977,74.0,8.2,Aktuelle Spieler
Davon Reed,195.58,93.44002822,43.0,2.1,Aktuelle Spieler
Dejounte Murray,195.58,81.6466266,74.0,20.5,Aktuelle Spieler
Delon Wright,195.58,83.91458845,50.0,7.4,Aktuelle Spieler
Dereon Seabron,195.58,81.6466266,5.0,0.8,Aktuelle Spieler
Desmond Bane,195.58,97.52235955,58.0,21.5,Aktuelle Spieler
Devin Booker,195.58,93.44002822,53.0,27.8,Aktuelle Spieler
Devin Vassell,195.58,90.718474,38.0,18.5,Aktuelle Spieler
Gary Trent Jr.,195.58,94.80080533,66.0,17.4,Aktuelle Spieler
Hamidou Diallo,195.58,91.62565874,56.0,9.3,Aktuelle Spieler
Haywood Highsmith,195.58,99.7903214,54.0,4.4,Aktuelle Spieler
Isaac Okoro,195.58,102.05828325,76.0,6.4,Aktuelle Spieler
Ish Wainright,195.58,113.3980925,60.0,4.2,Aktuelle Spieler
Jae'Sean Tate,195.58,104.3262451,31.0,9.1,Aktuelle Spieler
Jalen Suggs,195.58,92.98643585,53.0,9.9,Aktuelle Spieler
Jalen Williams,195.58,95.70799007,75.0,14.1,Aktuelle Spieler
James Harden,195.58,99.7903214,58.0,21.0,Aktuelle Spieler
Jarrell Brantley,195.58,113.3980925,4.0,5.5,Aktuelle Spieler
Javonte Green,195.58,92.98643585,32.0,5.2,Aktuelle Spieler
Jay Scrubb,195.58,99.7903214,2.0,6.5,Aktuelle Spieler
Jeenathan Williams,195.58,92.98643585,5.0,10.6,Aktuelle Spieler
John Konchar,195.58,95.2543977,72.0,5.1,Aktuelle Spieler
Jordan Clarkson,195.58,87.99691978,61.0,20.8,Aktuelle Spieler
Jrue Holiday,195.58,92.98643585,67.0,19.3,Aktuelle Spieler
Keldon Johnson,195.58,99.7903214,63.0,22.0,Aktuelle Spieler
Kentavious Caldwell-Pope,195.58,92.53284348,76.0,10.8,Aktuelle Spieler
Killian Hayes,195.58,88.45051215,76.0,10.3,Aktuelle Spieler
Kobi Simmons,195.58,81.6466266,5.0,1.0,Aktuelle Spieler
Luke Kennard,195.58,93.44002822,59.0,9.3,Aktuelle Spieler
Matisse Thybulle,195.58,91.17206637,71.0,4.1,Aktuelle Spieler
Max Christie,195.58,86.1825503,41.0,3.1,Aktuelle Spieler
Max Strus,195.58,97.52235955,80.0,11.5,Aktuelle Spieler
Michael Carter-Williams,195.58,86.1825503,4.0,4.3,Aktuelle Spieler
Moses Moody,195.58,95.70799007,63.0,4.8,Aktuelle Spieler
Nassir Little,195.58,99.7903214,54.0,6.6,Aktuelle Spieler
Nickeil Alexander-Walker,195.58,92.98643585,59.0,6.2,Aktuelle Spieler
Ochai Agbaji,195.58,97.52235955,59.0,7.9,Aktuelle Spieler
P.J. Tucker,195.58,111.13013065,75.0,3.5,Aktuelle Spieler
Pat Connaughton,195.58,94.80080533,61.0,7.6,Aktuelle Spieler
Quentin Grimes,195.58,95.2543977,71.0,11.3,Aktuelle Spieler
Quenton Jackson,195.58,78.47148001,9.0,6.2,Aktuelle Spieler
Romeo Langford,195.58,97.97595192,43.0,6.9,Aktuelle Spieler
Ron Harper Jr.,195.58,111.13013065,9.0,2.2,Aktuelle Spieler
Shaedon Sharpe,195.58,90.718474,80.0,9.9,Aktuelle Spieler
Shake Milton,195.58,92.98643585,76.0,8.4,Aktuelle Spieler
Spencer Dinwiddie,195.58,97.52235955,79.0,17.3,Aktuelle Spieler
Sterling Brown,195.58,99.33672903,4.0,0.0,Aktuelle Spieler
Terance Mann,195.58,97.52235955,81.0,8.8,Aktuelle Spieler
Theo Maledon,195.58,79.37866475,44.0,6.7,Aktuelle Spieler
Tim Hardaway Jr.,195.58,92.98643585,71.0,14.4,Aktuelle Spieler
Ty Jerome,195.58,88.45051215,45.0,6.9,Aktuelle Spieler
Tyler Herro,195.58,88.45051215,67.0,20.1,Aktuelle Spieler
Tyrese Haliburton,195.58,83.91458845,56.0,20.7,Aktuelle Spieler
Wendell Moore Jr.,195.58,97.52235955,29.0,1.4,Aktuelle Spieler
Wesley Matthews,195.58,99.7903214,52.0,3.4,Aktuelle Spieler
Will Barton,195.58,82.10021897,56.0,6.8,Aktuelle Spieler
Xavier Sneed,195.58,97.52235955,4.0,4.3,Aktuelle Spieler
Zach LaVine,195.58,90.718474,77.0,24.8,Aktuelle Spieler
Alondes Williams,193.04,95.2543977,1.0,0.0,Aktuelle Spieler
Anthony Edwards,193.04,102.05828325,79.0,24.6,Aktuelle Spieler
Austin Rivers,193.04,90.718474,52.0,4.9,Aktuelle Spieler
Blake Wesley,193.04,83.91458845,37.0,5.0,Aktuelle Spieler
Bradley Beal,193.04,93.89362059,50.0,23.2,Aktuelle Spieler
Bruce Brown,193.04,91.62565874,80.0,11.5,Aktuelle Spieler
Buddy Hield,193.04,99.7903214,80.0,16.8,Aktuelle Spieler
D'Angelo Russell,193.04,87.54332741,71.0,17.8,Aktuelle Spieler
Daishen Nix,193.04,102.51187562,57.0,4.0,Aktuelle Spieler
David Duke Jr.,193.04,92.53284348,23.0,3.7,Aktuelle Spieler
David Roddy,193.04,115.66605435,70.0,6.7,Aktuelle Spieler
Deonte Burton,193.04,108.8621688,2.0,0.0,Aktuelle Spieler
Derrick White,193.04,86.1825503,82.0,12.4,Aktuelle Spieler
Donte DiVincenzo,193.04,92.07925111,72.0,9.4,Aktuelle Spieler
Edmond Sumner,193.04,88.90410452,53.0,7.1,Aktuelle Spieler
Frank Ntilikina,193.04,90.718474,47.0,2.9,Aktuelle Spieler
Gary Harris,193.04,95.2543977,48.0,8.3,Aktuelle Spieler
George Hill,193.04,85.27536556,46.0,5.0,Aktuelle Spieler
Goran Dragic,193.04,86.1825503,58.0,6.3,Aktuelle Spieler
Grayson Allen,193.04,89.81128926,72.0,10.4,Aktuelle Spieler
Jaden Ivey,193.04,88.45051215,74.0,16.3,Aktuelle Spieler
Jaden Springer,193.04,91.62565874,16.0,2.6,Aktuelle Spieler
Jalen Green,193.04,84.36818082,76.0,22.1,Aktuelle Spieler
Jamal Murray,193.04,97.52235955,65.0,20.0,Aktuelle Spieler
James Bouknight,193.04,86.1825503,34.0,5.6,Aktuelle Spieler
Jaylen Nowell,193.04,91.17206637,65.0,10.8,Aktuelle Spieler
Johnny Davis,193.04,88.45051215,28.0,5.8,Aktuelle Spieler
Jordan Poole,193.04,87.99691978,82.0,20.4,Aktuelle Spieler
Josh Christopher,193.04,97.52235955,64.0,5.8,Aktuelle Spieler
Josh Hart,193.04,97.52235955,76.0,9.8,Aktuelle Spieler
Josh Okogie,193.04,96.61517481,72.0,7.3,Aktuelle Spieler
Kevin Porter Jr.,193.04,92.07925111,59.0,19.2,Aktuelle Spieler
Landry Shamet,193.04,86.1825503,40.0,8.7,Aktuelle Spieler
Lester Quinones,193.04,94.34721296,4.0,2.5,Aktuelle Spieler
Lonnie Walker IV,193.04,92.53284348,56.0,11.7,Aktuelle Spieler
Luguentz Dort,193.04,99.7903214,74.0,13.7,Aktuelle Spieler
Malaki Branham,193.04,81.6466266,66.0,10.2,Aktuelle Spieler
Malcolm Brogdon,193.04,103.87265273,67.0,14.9,Aktuelle Spieler
Malik Beasley,193.04,84.82177319,81.0,12.7,Aktuelle Spieler
Marcus Smart,193.04,99.7903214,61.0,11.5,Aktuelle Spieler
Markelle Fultz,193.04,94.80080533,60.0,14.0,Aktuelle Spieler
Norman Powell,193.04,97.52235955,60.0,17.0,Aktuelle Spieler
R.J. Hampton,193.04,79.37866475,47.0,6.4,Aktuelle Spieler
Rodney McGruder,193.04,92.98643585,32.0,5.7,Aktuelle Spieler
Sam Merrill,193.04,92.98643585,5.0,5.0,Aktuelle Spieler
Shaquille Harrison,193.04,88.45051215,5.0,8.8,Aktuelle Spieler
Skylar Mays,193.04,92.98643585,6.0,15.3,Aktuelle Spieler
Talen Horton-Tucker,193.04,106.14061458,65.0,10.7,Aktuelle Spieler
Terence Davis,193.04,91.17206637,64.0,6.7,Aktuelle Spieler
Terry Taylor,193.04,104.3262451,31.0,2.9,Aktuelle Spieler
Trent Forrest,193.04,95.2543977,23.0,2.3,Aktuelle Spieler
Trevor Keels,193.04,100.24391377,3.0,1.0,Aktuelle Spieler
Tyler Dorsey,193.04,81.6466266,3.0,3.0,Aktuelle Spieler
Vince Williams Jr.,193.04,92.98643585,15.0,2.0,Aktuelle Spieler
Andrew Nembhard,190.5,86.63614267,75.0,9.5,Aktuelle Spieler
Anfernee Simons,190.5,82.10021897,62.0,21.1,Aktuelle Spieler
CJ McCollum,190.5,86.1825503,75.0,20.9,Aktuelle Spieler
Cam Thomas,190.5,95.2543977,57.0,10.6,Aktuelle Spieler
Cole Anthony,190.5,83.91458845,60.0,13.0,Aktuelle Spieler
Cory Joseph,190.5,90.718474,62.0,6.9,Aktuelle Spieler
De'Aaron Fox,190.5,83.91458845,73.0,25.0,Aktuelle Spieler
Derrick Rose,190.5,90.718474,27.0,5.6,Aktuelle Spieler
Dru Smith,190.5,92.07925111,15.0,2.9,Aktuelle Spieler
Eric Gordon,190.5,97.52235955,69.0,12.4,Aktuelle Spieler
Frank Jackson,190.5,92.98643585,1.0,0.0,Aktuelle Spieler
Gabe York,190.5,86.1825503,3.0,8.0,Aktuelle Spieler
Isaiah Joe,190.5,74.84274105,73.0,9.5,Aktuelle Spieler
Jaden Hardy,190.5,89.81128926,48.0,8.8,Aktuelle Spieler
Jared Butler,190.5,87.54332741,6.0,6.2,Aktuelle Spieler
Jason Preston,190.5,82.10021897,14.0,2.9,Aktuelle Spieler
Jeff Dowtin Jr.,190.5,80.28584949,25.0,2.4,Aktuelle Spieler
John Wall,190.5,95.2543977,34.0,11.4,Aktuelle Spieler
Jordan Goodwin,190.5,90.718474,62.0,6.6,Aktuelle Spieler
Kendrick Nunn,190.5,86.1825503,70.0,7.1,Aktuelle Spieler
Keon Ellis,190.5,79.37866475,16.0,1.5,Aktuelle Spieler
Keon Johnson,190.5,83.91458845,40.0,4.7,Aktuelle Spieler
Kris Dunn,190.5,92.98643585,22.0,13.2,Aktuelle Spieler
Malik Monk,190.5,90.718474,77.0,13.5,Aktuelle Spieler
Matthew Dellavedova,190.5,90.718474,32.0,1.5,Aktuelle Spieler
Russell Westbrook,190.5,90.718474,73.0,15.9,Aktuelle Spieler
Ryan Arcidiacono,190.5,88.45051215,20.0,1.3,Aktuelle Spieler
Ryan Rollins,190.5,81.6466266,12.0,1.9,Aktuelle Spieler
Tre Mann,190.5,80.73944186,67.0,7.7,Aktuelle Spieler
TyTy Washington Jr.,190.5,88.45051215,31.0,4.7,Aktuelle Spieler
Victor Oladipo,190.5,96.61517481,42.0,10.7,Aktuelle Spieler
Bones Hyland,187.96,76.65711053,56.0,11.8,Aktuelle Spieler
Bryn Forbes,187.96,92.98643585,25.0,3.6,Aktuelle Spieler
Collin Sexton,187.96,86.1825503,48.0,14.3,Aktuelle Spieler
Damian Lillard,187.96,88.45051215,58.0,32.2,Aktuelle Spieler
De'Anthony Melton,187.96,90.718474,77.0,10.1,Aktuelle Spieler
Dennis Smith Jr.,187.96,92.98643585,54.0,8.8,Aktuelle Spieler
Duane Washington Jr.,187.96,89.35769689,31.0,7.9,Aktuelle Spieler
Gabe Vincent,187.96,90.718474,68.0,9.4,Aktuelle Spieler
Gary Payton II,187.96,88.45051215,22.0,4.6,Aktuelle Spieler
Immanuel Quickley,187.96,86.1825503,81.0,14.9,Aktuelle Spieler
Ja Morant,187.96,78.92507238,61.0,26.2,Aktuelle Spieler
Jalen Brunson,187.96,86.1825503,68.0,24.0,Aktuelle Spieler
Jamaree Bouyea,187.96,81.6466266,5.0,3.0,Aktuelle Spieler
Kyrie Irving,187.96,88.45051215,60.0,27.1,Aktuelle Spieler
Mac McClung,187.96,83.91458845,2.0,12.5,Aktuelle Spieler
Miles McBride,187.96,88.45051215,64.0,3.5,Aktuelle Spieler
Monte Morris,187.96,83.00740371,62.0,10.3,Aktuelle Spieler
Patrick Beverley,187.96,81.6466266,67.0,6.2,Aktuelle Spieler
Raul Neto,187.96,81.6466266,48.0,3.3,Aktuelle Spieler
Reggie Jackson,187.96,94.34721296,68.0,10.2,Aktuelle Spieler
Ricky Rubio,187.96,86.1825503,33.0,5.2,Aktuelle Spieler
Saben Lee,187.96,83.00740371,25.0,6.0,Aktuelle Spieler
Stephen Curry,187.96,83.91458845,56.0,29.4,Aktuelle Spieler
Tyrese Maxey,187.96,90.718474,60.0,20.3,Aktuelle Spieler
Tyus Jones,187.96,88.90410452,80.0,10.3,Aktuelle Spieler
Cameron Payne,185.42,83.00740371,48.0,10.3,Aktuelle Spieler
Darius Garland,185.42,87.08973504,69.0,21.6,Aktuelle Spieler
Dennis Schroder,185.42,78.01788764,66.0,12.6,Aktuelle Spieler
Devon Dotson,185.42,83.91458845,6.0,0.5,Aktuelle Spieler
Devonte' Graham,185.42,88.45051215,73.0,7.4,Aktuelle Spieler
Donovan Mitchell,185.42,97.52235955,68.0,28.3,Aktuelle Spieler
JD Davison,185.42,88.45051215,12.0,1.6,Aktuelle Spieler
Jevon Carter,185.42,90.718474,81.0,8.0,Aktuelle Spieler
Kira Lewis Jr.,185.42,77.1107029,25.0,4.6,Aktuelle Spieler
Lindell Wigginton,185.42,85.72895793,7.0,7.1,Aktuelle Spieler
Malachi Flynn,185.42,79.37866475,53.0,4.6,Aktuelle Spieler
Mike Conley,185.42,79.37866475,67.0,11.9,Aktuelle Spieler
Payton Pritchard,185.42,88.45051215,48.0,5.6,Aktuelle Spieler
Scotty Pippen Jr.,185.42,77.1107029,6.0,2.3,Aktuelle Spieler
Seth Curry,185.42,83.91458845,61.0,9.2,Aktuelle Spieler
T.J. McConnell,185.42,86.1825503,75.0,8.7,Aktuelle Spieler
Terry Rozier,185.42,86.1825503,63.0,21.1,Aktuelle Spieler
Trae Young,185.42,74.38914868,73.0,26.2,Aktuelle Spieler
Tre Jones,185.42,83.91458845,68.0,12.9,Aktuelle Spieler
Aaron Holiday,182.88,83.91458845,63.0,3.9,Aktuelle Spieler
Carlik Jones,182.88,78.92507238,7.0,2.9,Aktuelle Spieler
Chris Paul,182.88,79.37866475,59.0,13.9,Aktuelle Spieler
Davion Mitchell,182.88,91.62565874,80.0,5.6,Aktuelle Spieler
Fred VanVleet,182.88,89.35769689,69.0,19.3,Aktuelle Spieler
Ish Smith,182.88,79.37866475,43.0,2.5,Aktuelle Spieler
Jordan McLaughlin,182.88,83.91458845,43.0,3.7,Aktuelle Spieler
Jose Alvarado,182.88,81.19303423,61.0,9.0,Aktuelle Spieler
Kemba Walker,182.88,83.46099608,9.0,8.0,Aktuelle Spieler
Kyle Lowry,182.88,88.90410452,55.0,11.2,Aktuelle Spieler
Patty Mills,182.88,81.6466266,40.0,6.2,Aktuelle Spieler
Trevor Hudgins,182.88,81.6466266,5.0,1.8,Aktuelle Spieler
Xavier Moon,182.88,74.84274105,4.0,1.8,Aktuelle Spieler
Kennedy Chandler,180.34,77.1107029,36.0,2.2,Aktuelle Spieler
McKinley Wright IV,180.34,87.08973504,27.0,4.2,Aktuelle Spieler
Facundo Campazzo,177.8,88.45051215,8.0,1.3,Aktuelle Spieler
Jacob Gilyard,175.26,72.5747792,1.0,3.0,Aktuelle Spieler
Gheorghe Muresan,231.14,137.43848811,307,9.8,FrÃ¼here Spieler
Manute Bol,231.14,90.718474,624,2.6,FrÃ¼here Spieler
Shawn Bradley,228.6,124.73790175,832,8.1,FrÃ¼here Spieler
Yao Ming,228.6,140.6136347,486,19.0,FrÃ¼here Spieler
Shaquille O'Neill,215.9,147.41752025,1207,23.7,FrÃ¼here Spieler
Tacko Fall,228.6,141.06722707,37,2.2,FrÃ¼here Spieler
Slavko Vranes,228.6,136.98489574,1,0,FrÃ¼here Spieler
Chuck Nevitt,226.06,98.42954429,155,1.6,FrÃ¼here Spieler
Pavel Podkolzin,226.06,138.34567285,6,0.7,FrÃ¼here Spieler
Victor Wembanyama,223.52,95.2543977,0,0,Victor Wembanyama
Sim Bhullar,226.06,162.83966083,3,0.7,FrÃ¼here Spieler
Mark Eaton,223.52,125,875,6.0,FrÃ¼here Spieler
Rik Smits,223.52,113.3980925,867,14.8,FrÃ¼here Spieler
Ralph Sampson,223.52,106.59420695,456,15.4,FrÃ¼here Spieler
Priest Lauderdale,223.52,147.41752025,74,3.4,FrÃ¼here Spieler
Dirk Nowitzki,213.36,111.13013065,1522,20.7,FrÃ¼here Spieler
Michael Jordan,198.12,97.97595192,1072,30.1,FrÃ¼here Spieler
